,Date,Area,Deaths,Cases,Tests
0,2020-11-09,England,175,19036,
1,2020-11-08,England,127,18293,229476.0
2,2020-11-07,England,328,21875,267674.0
3,2020-11-06,England,303,20268,293017.0
4,2020-11-05,England,297,21137,284530.0
5,2020-11-04,England,388,21863,251917.0
6,2020-11-03,England,359,17330,219479.0
7,2020-11-02,England,125,15860,164014.0
8,2020-11-01,England,132,20602,214702.0
9,2020-10-31,England,278,18864,245467.0
10,2020-10-30,England,226,20821,240445.0
11,2020-10-29,England,214,19740,275776.0
12,2020-10-28,England,236,21245,251900.0
13,2020-10-27,England,322,19629,223850.0
14,2020-10-26,England,90,17883,189682.0
15,2020-10-25,England,137,16487,254587.0
16,2020-10-24,England,141,19332,246876.0
17,2020-10-23,England,188,17116,275471.0
18,2020-10-22,England,160,17354,277341.0
19,2020-10-21,England,144,22948,246564.0
20,2020-10-20,England,213,17814,224021.0
21,2020-10-19,England,72,16365,203636.0
22,2020-10-18,England,59,14704,247423.0
23,2020-10-17,England,128,13299,239949.0
24,2020-10-16,England,120,12176,262139.0
25,2020-10-15,England,111,16139,240581.0
26,2020-10-14,England,108,16132,242525.0
27,2020-10-13,England,124,14310,210548.0
28,2020-10-12,England,43,11647,164177.0
29,2020-10-11,England,62,10383,207072.0
30,2020-10-10,England,54,12628,219767.0
31,2020-10-09,England,79,10772,242852.0
32,2020-10-08,England,70,14952,232969.0
33,2020-10-07,England,65,11528,203908.0
34,2020-10-06,England,63,12648,206933.0
35,2020-10-05,England,19,10685,204621.0
36,2020-10-04,England,32,21309,191426.0
37,2020-10-03,England,39,10806,226193.0
38,2020-10-02,England,58,4797,214467.0
39,2020-10-01,England,48,5589,208390.0
40,2020-09-30,England,62,5656,210071.0
41,2020-09-29,England,68,5651,184624.0
42,2020-09-28,England,13,3316,173952.0
43,2020-09-27,England,16,4800,198479.0
44,2020-09-26,England,30,4639,202975.0
45,2020-09-25,England,31,5723,227056.0
46,2020-09-24,England,37,5632,216636.0
47,2020-09-23,England,33,5083,205663.0
48,2020-09-22,England,36,4187,194493.0
49,2020-09-21,England,9,3754,166199.0
50,2020-09-20,England,18,3279,192119.0
51,2020-09-19,England,22,3638,212982.0
52,2020-09-18,England,23,3771,217362.0
53,2020-09-17,England,18,2788,205264.0
54,2020-09-16,England,17,3396,207516.0
55,2020-09-15,England,25,2649,200210.0
56,2020-09-14,England,7,2259,183010.0
57,2020-09-13,England,5,2837,186464.0
58,2020-09-12,England,9,3008,188445.0
59,2020-09-11,England,6,3143,209405.0
60,2020-09-10,England,13,2578,198710.0
61,2020-09-09,England,8,2286,178198.0
62,2020-09-08,England,27,2094,164626.0
63,2020-09-07,England,2,2528,153403.0
64,2020-09-06,England,2,2576,146110.0
65,2020-09-05,England,11,1477,138964.0
66,2020-09-04,England,9,1669,167091.0
67,2020-09-03,England,11,1507,156472.0
68,2020-09-02,England,7,1239,153341.0
69,2020-09-01,England,2,1041,128278.0
70,2020-08-31,England,2,1149,129093.0
71,2020-08-30,England,1,1487,131938.0
72,2020-08-29,England,12,891,134728.0
73,2020-08-28,England,9,1106,143684.0
74,2020-08-27,England,10,1350,158514.0
75,2020-08-26,England,13,875,154171.0
76,2020-08-25,England,16,1065,135380.0
77,2020-08-24,England,3,758,114923.0
78,2020-08-23,England,4,938,136407.0
79,2020-08-22,England,17,1060,143117.0
80,2020-08-21,England,2,908,161792.0
81,2020-08-20,England,6,1035,153990.0
82,2020-08-19,England,15,707,155714.0
83,2020-08-18,England,11,975,139115.0
84,2020-08-17,England,3,634,123659.0
85,2020-08-16,England,3,952,142809.0
86,2020-08-15,England,2,934,153610.0
87,2020-08-14,England,10,1284,147324.0
88,2020-08-13,England,18,1059,140705.0
89,2020-08-12,England,15,925,155059.0
90,2020-08-11,England,11,1035,131916.0
91,2020-08-10,England,17,699,119028.0
92,2020-08-09,England,5,988,129513.0
93,2020-08-08,England,2,679,130547.0
94,2020-08-07,England,5,796,141601.0
95,2020-08-06,England,15,826,147556.0
96,2020-08-05,England,12,804,135562.0
97,2020-08-04,England,17,617,128983.0
98,2020-08-03,England,1,856,115267.0
99,2020-08-02,England,2,676,106765.0
100,2020-08-01,England,11,722,118567.0
101,2020-07-31,England,14,814,130267.0
102,2020-07-30,England,0,812,139459.0
103,2020-07-29,England,29,700,131004.0
104,2020-07-28,England,21,547,122852.0
105,2020-07-27,England,3,616,74300.0
106,2020-07-26,England,7,721,89686.0
107,2020-07-25,England,15,710,121177.0
108,2020-07-24,England,32,688,129726.0
109,2020-07-23,England,9,702,119536.0
110,2020-07-22,England,16,519,123219.0
111,2020-07-21,England,25,399,117233.0
112,2020-07-20,England,10,535,78789.0
113,2020-07-19,England,10,672,88553.0
114,2020-07-18,England,9,796,111210.0
115,2020-07-17,England,25,635,150355.0
116,2020-07-16,England,23,597,143120.0
117,2020-07-15,England,24,506,130153.0
118,2020-07-14,England,42,372,113811.0
119,2020-07-13,England,8,497,75439.0
120,2020-07-12,England,9,615,
121,2020-07-11,England,16,806,
122,2020-07-10,England,34,480,
123,2020-07-09,England,29,617,
124,2020-07-08,England,52,606,
125,2020-07-07,England,50,572,
126,2020-07-06,England,11,331,
127,2020-07-05,England,18,492,
128,2020-07-04,England,27,579,
129,2020-07-03,England,45,502,
130,2020-07-02,England,31,523,
131,2020-07-01,England,90,177,
132,2020-06-30,England,47,196,
133,2020-06-29,England,17,99,
134,2020-06-28,England,28,142,
135,2020-06-27,England,34,192,
136,2020-06-26,England,76,175,
137,2020-06-25,England,91,261,
138,2020-06-24,England,74,107,
139,2020-06-23,England,84,210,
140,2020-06-22,England,13,178,
141,2020-06-21,England,30,215,
142,2020-06-20,England,67,324,
143,2020-06-19,England,73,323,
144,2020-06-18,England,60,281,
145,2020-06-17,England,90,252,
146,2020-06-16,England,106,252,
147,2020-06-15,England,25,219,
148,2020-06-14,England,23,292,
149,2020-06-13,England,94,372,
150,2020-06-12,England,117,392,
151,2020-06-11,England,64,304,
152,2020-06-10,England,143,63,
153,2020-06-09,England,179,651,
154,2020-06-08,England,44,92,
155,2020-06-07,England,49,228,
156,2020-06-06,England,126,422,
157,2020-06-05,England,239,451,
158,2020-06-04,England,112,431,
159,2020-06-03,England,218,462,
160,2020-06-02,England,228,444,
161,2020-06-01,England,79,294,
162,2020-05-31,England,39,320,
163,2020-05-30,England,117,715,
164,2020-05-29,England,246,560,
165,2020-05-28,England,315,519,
166,2020-05-27,England,396,609,
167,2020-05-26,England,105,492,
168,2020-05-25,England,86,494,
169,2020-05-24,England,362,584,
170,2020-05-23,England,197,979,
171,2020-05-22,England,257,1083,
172,2020-05-21,England,220,854,
173,2020-05-20,England,259,824,
174,2020-05-19,England,447,857,
175,2020-05-18,England,134,816,
176,2020-05-17,England,43,788,
177,2020-05-16,England,348,1136,
178,2020-05-15,England,280,1112,
179,2020-05-14,England,303,1189,
180,2020-05-13,England,362,1146,
181,2020-05-12,England,539,1067,
182,2020-05-11,England,174,891,
183,2020-05-10,England,190,1007,
184,2020-05-09,England,226,1349,
185,2020-05-08,England,498,1694,
186,2020-05-07,England,377,2133,
187,2020-05-06,England,529,1611,
188,2020-05-05,England,639,1842,
189,2020-05-04,England,247,1485,
190,2020-05-03,England,222,2019,
191,2020-05-02,England,485,2228,
192,2020-05-01,England,623,2501,
193,2020-04-30,England,543,2484,
194,2020-04-29,England,604,1403,
195,2020-04-28,England,862,1989,
196,2020-04-27,England,289,2264,
197,2020-04-26,England,327,2152,
198,2020-04-25,England,729,2826,
199,2020-04-24,England,821,3004,
200,2020-04-23,England,594,3084,
201,2020-04-22,England,725,3020,
202,2020-04-21,England,1116,3087,
203,2020-04-20,England,536,2401,
204,2020-04-19,England,380,3607,
205,2020-04-18,England,1004,3548,
206,2020-04-17,England,826,3985,
207,2020-04-16,England,906,3118,
208,2020-04-15,England,730,3188,
209,2020-04-14,England,1007,3854,
210,2020-04-13,England,694,2999,
211,2020-04-12,England,604,3672,
212,2020-04-11,England,745,3841,
213,2020-04-10,England,1035,4263,
214,2020-04-09,England,990,3798,
215,2020-04-08,England,922,4788,
216,2020-04-07,England,1009,2978,
217,2020-04-06,England,531,3176,
218,2020-04-05,England,578,5107,
219,2020-04-04,England,689,2910,
220,2020-04-03,England,654,3576,
221,2020-04-02,England,603,3583,
222,2020-04-01,England,613,3630,
223,2020-03-31,England,368,2414,
224,2020-03-30,England,353,2107,
225,2020-03-29,England,195,2060,
226,2020-03-28,England,279,2139,
227,2020-03-27,England,271,2506,
228,2020-03-26,England,169,1809,
229,2020-03-25,England,178,1130,
230,2020-03-24,England,143,1258,
231,2020-03-23,England,67,793,
232,2020-03-22,England,24,535,
233,2020-03-21,England,54,873,
234,2020-03-20,England,32,628,
235,2020-03-19,England,42,574,
236,2020-03-18,England,33,625,
237,2020-03-17,England,15,361,
238,2020-03-16,England,22,97,
239,2020-03-15,England,14,253,
240,2020-03-14,England,18,201,
241,2020-03-13,England,1,159,
242,2020-03-12,England,2,99,
243,2020-03-11,England,0,63,
244,2020-03-10,England,4,46,
245,2020-03-09,England,1,40,
246,2020-03-08,England,0,58,
247,2020-03-07,England,1,39,
248,2020-03-06,England,1,39,
249,2020-03-05,England,0,25,
250,2020-03-04,England,0,32,
251,2020-03-03,England,0,11,
252,2020-03-02,England,0,4,
253,2020-03-01,England,0,12,
254,2020-02-29,England,0,3,
255,2020-02-28,England,0,5,
256,2020-02-27,England,0,0,
257,2020-02-26,England,0,0,
258,2020-02-25,England,0,0,
259,2020-02-24,England,0,4,
260,2020-02-23,England,0,0,
261,2020-02-22,England,0,0,
262,2020-02-21,England,0,0,
263,2020-02-20,England,0,0,
264,2020-02-19,England,0,0,
265,2020-02-18,England,0,0,
266,2020-02-17,England,0,0,
267,2020-02-16,England,0,0,
268,2020-02-15,England,0,0,
269,2020-02-14,England,0,0,
270,2020-02-13,England,0,1,
271,2020-02-12,England,0,0,
272,2020-02-11,England,0,0,
273,2020-02-10,England,0,4,
274,2020-02-09,England,0,1,
275,2020-02-08,England,0,0,
276,2020-02-07,England,0,0,
277,2020-02-06,England,0,1,
278,2020-02-05,England,0,0,
279,2020-02-04,England,0,0,
280,2020-02-03,England,0,0,
281,2020-02-02,England,0,0,
282,2020-02-01,England,0,0,
283,2020-01-31,England,0,2,
284,2020-01-30,England,0,0,
285,2020-01-29,England,0,0,
286,2020-01-28,England,0,0,
287,2020-01-27,England,0,0,
288,2020-01-26,England,0,0,
289,2020-01-25,England,0,0,
290,2020-01-24,England,0,0,
291,2020-01-23,England,0,0,
292,2020-01-22,England,0,0,
293,2020-01-21,England,0,0,
294,2020-01-20,England,0,0,
295,2020-01-19,England,0,0,
296,2020-01-18,England,0,0,
297,2020-01-17,England,0,0,
298,2020-01-16,England,0,0,
299,2020-01-15,England,0,0,
300,2020-01-14,England,0,0,
301,2020-01-13,England,0,0,
302,2020-01-12,England,0,0,
303,2020-01-11,England,0,0,
304,2020-01-10,England,0,0,
305,2020-01-09,England,0,0,
306,2020-01-08,England,0,0,
307,2020-01-07,England,0,0,
308,2020-01-06,England,0,0,
309,2020-01-05,England,0,0,
310,2020-01-04,England,0,0,
311,2020-01-03,England,0,0,
312,2020-01-02,England,0,0,
313,2020-11-09,Northern Ireland,10,471,
314,2020-11-08,Northern Ireland,7,420,4541.0
315,2020-11-07,Northern Ireland,14,528,5762.0
316,2020-11-06,Northern Ireland,8,595,6755.0
317,2020-11-05,Northern Ireland,12,516,7065.0
318,2020-11-04,Northern Ireland,10,679,6887.0
319,2020-11-03,Northern Ireland,6,570,7813.0
320,2020-11-02,Northern Ireland,8,493,4952.0
321,2020-11-01,Northern Ireland,8,685,4035.0
322,2020-10-31,Northern Ireland,11,649,5853.0
323,2020-10-30,Northern Ireland,9,566,7025.0
324,2020-10-29,Northern Ireland,8,822,7018.0
325,2020-10-28,Northern Ireland,9,840,8268.0
326,2020-10-27,Northern Ireland,13,722,7318.0
327,2020-10-26,Northern Ireland,5,727,7465.0
328,2020-10-25,Northern Ireland,8,896,4893.0
329,2020-10-24,Northern Ireland,6,923,7454.0
330,2020-10-23,Northern Ireland,5,1252,7733.0
331,2020-10-22,Northern Ireland,5,1042,9659.0
332,2020-10-21,Northern Ireland,5,1039,9321.0
333,2020-10-20,Northern Ireland,3,913,9020.0
334,2020-10-19,Northern Ireland,6,820,6680.0
335,2020-10-18,Northern Ireland,5,1012,6122.0
336,2020-10-17,Northern Ireland,2,1031,10632.0
337,2020-10-16,Northern Ireland,2,1299,7771.0
338,2020-10-15,Northern Ireland,4,763,10994.0
339,2020-10-14,Northern Ireland,4,1217,8267.0
340,2020-10-13,Northern Ireland,7,863,10620.0
341,2020-10-12,Northern Ireland,3,877,6514.0
342,2020-10-11,Northern Ireland,1,1066,7124.0
343,2020-10-10,Northern Ireland,0,902,10361.0
344,2020-10-09,Northern Ireland,0,1080,10191.0
345,2020-10-08,Northern Ireland,1,923,10635.0
346,2020-10-07,Northern Ireland,1,828,9931.0
347,2020-10-06,Northern Ireland,1,669,9794.0
348,2020-10-05,Northern Ireland,0,616,7304.0
349,2020-10-04,Northern Ireland,1,462,7514.0
350,2020-10-03,Northern Ireland,1,726,5674.0
351,2020-10-02,Northern Ireland,1,934,8412.0
352,2020-10-01,Northern Ireland,2,259,8681.0
353,2020-09-30,Northern Ireland,1,424,6042.0
354,2020-09-29,Northern Ireland,0,320,7943.0
355,2020-09-28,Northern Ireland,0,220,5319.0
356,2020-09-27,Northern Ireland,0,187,5724.0
357,2020-09-26,Northern Ireland,1,319,4726.0
358,2020-09-25,Northern Ireland,0,273,8664.0
359,2020-09-24,Northern Ireland,0,189,7410.0
360,2020-09-23,Northern Ireland,0,220,6276.0
361,2020-09-22,Northern Ireland,0,75,8071.0
362,2020-09-21,Northern Ireland,2,125,4495.0
363,2020-09-20,Northern Ireland,0,176,6455.0
364,2020-09-19,Northern Ireland,0,222,5764.0
365,2020-09-18,Northern Ireland,2,163,9124.0
366,2020-09-17,Northern Ireland,0,149,6509.0
367,2020-09-16,Northern Ireland,2,129,6662.0
368,2020-09-15,Northern Ireland,1,79,6779.0
369,2020-09-14,Northern Ireland,2,109,4398.0
370,2020-09-13,Northern Ireland,0,87,5512.0
371,2020-09-12,Northern Ireland,0,104,6237.0
372,2020-09-11,Northern Ireland,0,88,8553.0
373,2020-09-10,Northern Ireland,1,78,8142.0
374,2020-09-09,Northern Ireland,0,49,8543.0
375,2020-09-08,Northern Ireland,2,40,4461.0
376,2020-09-07,Northern Ireland,1,141,2845.0
377,2020-09-06,Northern Ireland,0,106,6992.0
378,2020-09-05,Northern Ireland,0,118,5030.0
379,2020-09-04,Northern Ireland,1,61,6305.0
380,2020-09-03,Northern Ireland,1,77,6369.0
381,2020-09-02,Northern Ireland,2,71,8013.0
382,2020-09-01,Northern Ireland,0,49,6053.0
383,2020-08-31,Northern Ireland,0,58,4350.0
384,2020-08-30,Northern Ireland,0,49,4951.0
385,2020-08-29,Northern Ireland,0,89,4848.0
386,2020-08-28,Northern Ireland,0,85,5735.0
387,2020-08-27,Northern Ireland,1,69,6325.0
388,2020-08-26,Northern Ireland,0,72,6979.0
389,2020-08-25,Northern Ireland,0,47,6410.0
390,2020-08-24,Northern Ireland,0,10,3371.0
391,2020-08-23,Northern Ireland,0,119,2926.0
392,2020-08-22,Northern Ireland,0,71,7646.0
393,2020-08-21,Northern Ireland,0,20,5881.0
394,2020-08-20,Northern Ireland,0,51,3465.0
395,2020-08-19,Northern Ireland,0,34,5177.0
396,2020-08-18,Northern Ireland,1,41,3088.0
397,2020-08-17,Northern Ireland,0,39,3850.0
398,2020-08-16,Northern Ireland,0,27,3340.0
399,2020-08-15,Northern Ireland,0,65,5658.0
400,2020-08-14,Northern Ireland,1,74,6009.0
401,2020-08-13,Northern Ireland,0,8,5597.0
402,2020-08-12,Northern Ireland,0,29,2179.0
403,2020-08-11,Northern Ireland,0,48,3572.0
404,2020-08-10,Northern Ireland,1,0,3402.0
405,2020-08-09,Northern Ireland,0,0,
406,2020-08-08,Northern Ireland,0,0,
407,2020-08-07,Northern Ireland,0,15,
408,2020-08-06,Northern Ireland,0,43,3153.0
409,2020-08-05,Northern Ireland,0,10,3614.0
410,2020-08-04,Northern Ireland,0,8,1779.0
411,2020-08-03,Northern Ireland,0,0,2021.0
412,2020-08-02,Northern Ireland,0,0,
413,2020-08-01,Northern Ireland,0,0,
414,2020-07-31,Northern Ireland,0,10,
415,2020-07-30,Northern Ireland,0,8,1621.0
416,2020-07-29,Northern Ireland,0,9,1973.0
417,2020-07-28,Northern Ireland,0,9,1687.0
418,2020-07-27,Northern Ireland,0,0,1547.0
419,2020-07-26,Northern Ireland,0,0,
420,2020-07-25,Northern Ireland,0,0,
421,2020-07-24,Northern Ireland,0,15,
422,2020-07-23,Northern Ireland,0,8,2020.0
423,2020-07-22,Northern Ireland,0,9,1851.0
424,2020-07-21,Northern Ireland,0,2,1829.0
425,2020-07-20,Northern Ireland,0,0,1579.0
426,2020-07-19,Northern Ireland,0,0,
427,2020-07-18,Northern Ireland,0,0,
428,2020-07-17,Northern Ireland,0,19,
429,2020-07-16,Northern Ireland,0,16,1807.0
430,2020-07-15,Northern Ireland,0,9,1365.0
431,2020-07-14,Northern Ireland,0,2,1315.0
432,2020-07-13,Northern Ireland,2,0,1275.0
433,2020-07-12,Northern Ireland,0,0,
434,2020-07-11,Northern Ireland,0,0,
435,2020-07-10,Northern Ireland,0,4,
436,2020-07-09,Northern Ireland,0,3,1542.0
437,2020-07-08,Northern Ireland,0,4,1777.0
438,2020-07-07,Northern Ireland,0,5,1228.0
439,2020-07-06,Northern Ireland,0,0,1067.0
440,2020-07-05,Northern Ireland,0,0,
441,2020-07-04,Northern Ireland,0,0,
442,2020-07-03,Northern Ireland,2,4,
443,2020-07-02,Northern Ireland,1,7,1508.0
444,2020-07-01,Northern Ireland,0,1,
445,2020-06-30,Northern Ireland,0,3,
446,2020-06-29,Northern Ireland,1,6,
447,2020-06-28,Northern Ireland,1,1,
448,2020-06-27,Northern Ireland,1,2,
449,2020-06-26,Northern Ireland,1,4,
450,2020-06-25,Northern Ireland,0,1,
451,2020-06-24,Northern Ireland,1,2,
452,2020-06-23,Northern Ireland,1,0,
453,2020-06-22,Northern Ireland,0,1,
454,2020-06-21,Northern Ireland,0,4,
455,2020-06-20,Northern Ireland,1,0,
456,2020-06-19,Northern Ireland,1,3,
457,2020-06-18,Northern Ireland,0,1,
458,2020-06-17,Northern Ireland,1,8,
459,2020-06-16,Northern Ireland,1,2,
460,2020-06-15,Northern Ireland,0,4,
461,2020-06-14,Northern Ireland,0,7,
462,2020-06-13,Northern Ireland,2,3,
463,2020-06-12,Northern Ireland,1,16,
464,2020-06-11,Northern Ireland,1,4,
465,2020-06-10,Northern Ireland,0,13,
466,2020-06-09,Northern Ireland,0,3,
467,2020-06-08,Northern Ireland,0,6,
468,2020-06-07,Northern Ireland,0,6,
469,2020-06-06,Northern Ireland,1,14,
470,2020-06-05,Northern Ireland,1,3,
471,2020-06-04,Northern Ireland,1,33,
472,2020-06-03,Northern Ireland,8,8,
473,2020-06-02,Northern Ireland,2,4,
474,2020-06-01,Northern Ireland,1,12,
475,2020-05-31,Northern Ireland,1,7,
476,2020-05-30,Northern Ireland,1,13,
477,2020-05-29,Northern Ireland,3,17,
478,2020-05-28,Northern Ireland,2,16,
479,2020-05-27,Northern Ireland,2,26,
480,2020-05-26,Northern Ireland,0,28,
481,2020-05-25,Northern Ireland,8,39,
482,2020-05-24,Northern Ireland,1,25,
483,2020-05-23,Northern Ireland,1,41,
484,2020-05-22,Northern Ireland,3,23,
485,2020-05-21,Northern Ireland,7,42,
486,2020-05-20,Northern Ireland,5,18,
487,2020-05-19,Northern Ireland,7,20,
488,2020-05-18,Northern Ireland,6,16,
489,2020-05-17,Northern Ireland,3,28,
490,2020-05-16,Northern Ireland,4,40,
491,2020-05-15,Northern Ireland,15,26,
492,2020-05-14,Northern Ireland,5,38,
493,2020-05-13,Northern Ireland,2,60,
494,2020-05-12,Northern Ireland,9,44,
495,2020-05-11,Northern Ireland,3,30,
496,2020-05-10,Northern Ireland,5,41,
497,2020-05-09,Northern Ireland,4,56,
498,2020-05-08,Northern Ireland,4,38,
499,2020-05-07,Northern Ireland,4,50,
500,2020-05-06,Northern Ireland,14,53,
501,2020-05-05,Northern Ireland,17,45,
502,2020-05-04,Northern Ireland,6,69,
503,2020-05-03,Northern Ireland,5,78,
504,2020-05-02,Northern Ireland,11,66,
505,2020-05-01,Northern Ireland,18,87,
506,2020-04-30,Northern Ireland,9,73,
507,2020-04-29,Northern Ireland,9,55,
508,2020-04-28,Northern Ireland,20,34,
509,2020-04-27,Northern Ireland,10,66,
510,2020-04-26,Northern Ireland,5,82,
511,2020-04-25,Northern Ireland,16,104,
512,2020-04-24,Northern Ireland,15,106,
513,2020-04-23,Northern Ireland,13,142,
514,2020-04-22,Northern Ireland,30,116,
515,2020-04-21,Northern Ireland,13,30,
516,2020-04-20,Northern Ireland,13,83,
517,2020-04-19,Northern Ireland,1,159,
518,2020-04-18,Northern Ireland,17,148,
519,2020-04-17,Northern Ireland,18,137,
520,2020-04-16,Northern Ireland,18,113,
521,2020-04-15,Northern Ireland,6,121,
522,2020-04-14,Northern Ireland,10,85,
523,2020-04-13,Northern Ireland,6,76,
524,2020-04-12,Northern Ireland,11,89,
525,2020-04-11,Northern Ireland,15,128,
526,2020-04-10,Northern Ireland,10,112,
527,2020-04-09,Northern Ireland,4,138,
528,2020-04-08,Northern Ireland,5,84,
529,2020-04-07,Northern Ireland,3,97,
530,2020-04-06,Northern Ireland,7,69,
531,2020-04-05,Northern Ireland,7,91,
532,2020-04-04,Northern Ireland,8,94,
533,2020-04-03,Northern Ireland,12,130,
534,2020-04-02,Northern Ireland,6,85,
535,2020-04-01,Northern Ireland,2,103,
536,2020-03-31,Northern Ireland,6,53,
537,2020-03-30,Northern Ireland,1,123,
538,2020-03-29,Northern Ireland,6,86,
539,2020-03-28,Northern Ireland,2,49,
540,2020-03-27,Northern Ireland,3,34,
541,2020-03-26,Northern Ireland,3,32,
542,2020-03-25,Northern Ireland,2,37,
543,2020-03-24,Northern Ireland,2,24,
544,2020-03-23,Northern Ireland,1,20,
545,2020-03-22,Northern Ireland,0,20,
546,2020-03-21,Northern Ireland,1,22,
547,2020-03-20,Northern Ireland,0,9,
548,2020-03-19,Northern Ireland,0,9,
549,2020-03-18,Northern Ireland,0,6,
550,2020-03-17,Northern Ireland,0,10,
551,2020-03-16,Northern Ireland,0,7,
552,2020-03-15,Northern Ireland,0,11,
553,2020-03-14,Northern Ireland,0,5,
554,2020-03-13,Northern Ireland,0,10,
555,2020-03-12,Northern Ireland,0,1,
556,2020-03-11,Northern Ireland,0,2,
557,2020-03-10,Northern Ireland,0,0,
558,2020-03-09,Northern Ireland,0,3,
559,2020-03-08,Northern Ireland,0,5,
560,2020-03-07,Northern Ireland,0,2,
561,2020-03-06,Northern Ireland,0,2,
562,2020-03-05,Northern Ireland,0,0,
563,2020-03-04,Northern Ireland,0,0,
564,2020-03-03,Northern Ireland,0,0,
565,2020-03-02,Northern Ireland,0,0,
566,2020-03-01,Northern Ireland,0,0,
567,2020-02-29,Northern Ireland,0,0,
568,2020-02-28,Northern Ireland,0,0,
569,2020-02-27,Northern Ireland,0,0,
570,2020-02-26,Northern Ireland,0,0,
571,2020-02-25,Northern Ireland,0,0,
572,2020-02-24,Northern Ireland,0,0,
573,2020-02-23,Northern Ireland,0,0,
574,2020-02-22,Northern Ireland,0,0,
575,2020-02-21,Northern Ireland,0,0,
576,2020-02-20,Northern Ireland,0,0,
577,2020-02-19,Northern Ireland,0,0,
578,2020-02-18,Northern Ireland,0,0,
579,2020-02-17,Northern Ireland,0,0,
580,2020-02-16,Northern Ireland,0,0,
581,2020-02-15,Northern Ireland,0,0,
582,2020-02-14,Northern Ireland,0,0,
583,2020-02-13,Northern Ireland,0,0,
584,2020-02-12,Northern Ireland,0,0,
585,2020-02-11,Northern Ireland,0,0,
586,2020-02-10,Northern Ireland,0,0,
587,2020-02-09,Northern Ireland,0,0,
588,2020-02-08,Northern Ireland,0,0,
589,2020-02-07,Northern Ireland,0,0,
590,2020-02-06,Northern Ireland,0,0,
591,2020-02-05,Northern Ireland,0,0,
592,2020-02-04,Northern Ireland,0,0,
593,2020-02-03,Northern Ireland,0,0,
594,2020-02-02,Northern Ireland,0,0,
595,2020-02-01,Northern Ireland,0,0,
596,2020-01-31,Northern Ireland,0,0,
597,2020-01-30,Northern Ireland,0,0,
598,2020-01-29,Northern Ireland,0,0,
599,2020-01-28,Northern Ireland,0,0,
600,2020-01-27,Northern Ireland,0,0,
601,2020-01-26,Northern Ireland,0,0,
602,2020-01-25,Northern Ireland,0,0,
603,2020-01-24,Northern Ireland,0,0,
604,2020-01-23,Northern Ireland,0,0,
605,2020-01-22,Northern Ireland,0,0,
606,2020-01-21,Northern Ireland,0,0,
607,2020-01-20,Northern Ireland,0,0,
608,2020-01-19,Northern Ireland,0,0,
609,2020-01-18,Northern Ireland,0,0,
610,2020-01-17,Northern Ireland,0,0,
611,2020-01-16,Northern Ireland,0,0,
612,2020-01-15,Northern Ireland,0,0,
613,2020-01-14,Northern Ireland,0,0,
614,2020-01-13,Northern Ireland,0,0,
615,2020-01-12,Northern Ireland,0,0,
616,2020-01-11,Northern Ireland,0,0,
617,2020-01-10,Northern Ireland,0,0,
618,2020-01-09,Northern Ireland,0,0,
619,2020-01-08,Northern Ireland,0,0,
620,2020-01-07,Northern Ireland,0,0,
621,2020-01-06,Northern Ireland,0,0,
622,2020-01-05,Northern Ireland,0,0,
623,2020-01-04,Northern Ireland,0,0,
624,2020-01-03,Northern Ireland,0,0,
625,2020-01-02,Northern Ireland,0,0,
626,2020-11-09,Scotland,1,912,
627,2020-11-08,Scotland,3,1115,11479.0
628,2020-11-07,Scotland,39,1596,17229.0
629,2020-11-06,Scotland,31,1072,29644.0
630,2020-11-05,Scotland,39,1216,22784.0
631,2020-11-04,Scotland,50,1433,18777.0
632,2020-11-03,Scotland,28,999,20420.0
633,2020-11-02,Scotland,0,951,11124.0
634,2020-11-01,Scotland,6,1148,11090.0
635,2020-10-31,Scotland,24,1101,18565.0
636,2020-10-30,Scotland,28,1281,20570.0
637,2020-10-29,Scotland,37,1128,25054.0
638,2020-10-28,Scotland,28,1202,18097.0
639,2020-10-27,Scotland,25,1327,20129.0
640,2020-10-26,Scotland,1,1122,17143.0
641,2020-10-25,Scotland,1,1303,17681.0
642,2020-10-24,Scotland,11,1433,18026.0
643,2020-10-23,Scotland,18,1401,18293.0
644,2020-10-22,Scotland,17,1712,19014.0
645,2020-10-21,Scotland,28,1739,19690.0
646,2020-10-20,Scotland,15,1456,20001.0
647,2020-10-19,Scotland,1,993,14107.0
648,2020-10-18,Scotland,0,316,16920.0
649,2020-10-17,Scotland,15,1167,15791.0
650,2020-10-16,Scotland,9,1196,15089.0
651,2020-10-15,Scotland,13,1351,21057.0
652,2020-10-14,Scotland,15,1429,18085.0
653,2020-10-13,Scotland,7,1297,22152.0
654,2020-10-12,Scotland,0,961,19573.0
655,2020-10-11,Scotland,0,956,12994.0
656,2020-10-10,Scotland,6,1009,18022.0
657,2020-10-09,Scotland,6,1246,19664.0
658,2020-10-08,Scotland,5,1027,18890.0
659,2020-10-07,Scotland,1,1054,18796.0
660,2020-10-06,Scotland,2,800,17344.0
661,2020-10-05,Scotland,0,697,13992.0
662,2020-10-04,Scotland,0,758,15140.0
663,2020-10-03,Scotland,4,764,14094.0
664,2020-10-02,Scotland,4,775,22144.0
665,2020-10-01,Scotland,3,668,17785.0
666,2020-09-30,Scotland,7,640,14316.0
667,2020-09-29,Scotland,0,806,15629.0
668,2020-09-28,Scotland,0,222,13111.0
669,2020-09-27,Scotland,1,344,12965.0
670,2020-09-26,Scotland,0,714,17759.0
671,2020-09-25,Scotland,1,558,17518.0
672,2020-09-24,Scotland,2,465,16724.0
673,2020-09-23,Scotland,2,486,15362.0
674,2020-09-22,Scotland,1,383,11956.0
675,2020-09-21,Scotland,0,255,12497.0
676,2020-09-20,Scotland,0,245,12293.0
677,2020-09-19,Scotland,3,350,14893.0
678,2020-09-18,Scotland,1,203,24080.0
679,2020-09-17,Scotland,0,290,17289.0
680,2020-09-16,Scotland,1,267,18583.0
681,2020-09-15,Scotland,1,267,12696.0
682,2020-09-14,Scotland,0,70,17074.0
683,2020-09-13,Scotland,0,244,12402.0
684,2020-09-12,Scotland,0,221,18303.0
685,2020-09-11,Scotland,0,175,18240.0
686,2020-09-10,Scotland,0,161,12703.0
687,2020-09-09,Scotland,0,159,17012.0
688,2020-09-08,Scotland,3,176,14341.0
689,2020-09-07,Scotland,0,146,19630.0
690,2020-09-06,Scotland,0,208,12203.0
691,2020-09-05,Scotland,0,141,18418.0
692,2020-09-04,Scotland,0,159,15618.0
693,2020-09-03,Scotland,1,101,18266.0
694,2020-09-02,Scotland,1,156,20558.0
695,2020-09-01,Scotland,0,154,27246.0
696,2020-08-31,Scotland,0,160,21798.0
697,2020-08-30,Scotland,0,123,26318.0
698,2020-08-29,Scotland,0,88,26786.0
699,2020-08-28,Scotland,0,51,21112.0
700,2020-08-27,Scotland,0,68,15654.0
701,2020-08-26,Scotland,2,67,24255.0
702,2020-08-25,Scotland,0,44,22140.0
703,2020-08-24,Scotland,0,66,16909.0
704,2020-08-23,Scotland,0,83,12438.0
705,2020-08-22,Scotland,0,123,18794.0
706,2020-08-21,Scotland,0,71,15096.0
707,2020-08-20,Scotland,0,77,15319.0
708,2020-08-19,Scotland,1,50,16901.0
709,2020-08-18,Scotland,0,49,10618.0
710,2020-08-17,Scotland,0,26,11549.0
711,2020-08-16,Scotland,0,43,10204.0
712,2020-08-15,Scotland,0,51,11365.0
713,2020-08-14,Scotland,0,65,15323.0
714,2020-08-13,Scotland,0,47,13991.0
715,2020-08-12,Scotland,0,47,12527.0
716,2020-08-11,Scotland,0,52,11878.0
717,2020-08-10,Scotland,0,29,9585.0
718,2020-08-09,Scotland,0,48,10319.0
719,2020-08-08,Scotland,0,60,12291.0
720,2020-08-07,Scotland,0,43,14637.0
721,2020-08-06,Scotland,0,66,13257.0
722,2020-08-05,Scotland,0,64,15918.0
723,2020-08-04,Scotland,0,23,11780.0
724,2020-08-03,Scotland,0,18,5879.0
725,2020-08-02,Scotland,0,31,6678.0
726,2020-08-01,Scotland,0,18,8243.0
727,2020-07-31,Scotland,0,30,15382.0
728,2020-07-30,Scotland,0,17,15307.0
729,2020-07-29,Scotland,0,22,13208.0
730,2020-07-28,Scotland,0,4,9560.0
731,2020-07-27,Scotland,0,3,6690.0
732,2020-07-26,Scotland,0,4,4315.0
733,2020-07-25,Scotland,0,27,9106.0
734,2020-07-24,Scotland,0,20,14774.0
735,2020-07-23,Scotland,0,16,16338.0
736,2020-07-22,Scotland,0,10,11570.0
737,2020-07-21,Scotland,0,22,9720.0
738,2020-07-20,Scotland,0,7,6128.0
739,2020-07-19,Scotland,0,23,4106.0
740,2020-07-18,Scotland,0,21,12137.0
741,2020-07-17,Scotland,0,17,16547.0
742,2020-07-16,Scotland,1,11,14656.0
743,2020-07-15,Scotland,0,5,7311.0
744,2020-07-14,Scotland,0,3,6837.0
745,2020-07-13,Scotland,0,6,4908.0
746,2020-07-12,Scotland,0,19,4473.0
747,2020-07-11,Scotland,0,7,11441.0
748,2020-07-10,Scotland,0,18,9300.0
749,2020-07-09,Scotland,0,6,17573.0
750,2020-07-08,Scotland,1,7,10608.0
751,2020-07-07,Scotland,1,2,5822.0
752,2020-07-06,Scotland,0,4,4042.0
753,2020-07-05,Scotland,0,9,3526.0
754,2020-07-04,Scotland,0,11,3750.0
755,2020-07-03,Scotland,1,12,5356.0
756,2020-07-02,Scotland,1,5,5090.0
757,2020-07-01,Scotland,1,8,4688.0
758,2020-06-30,Scotland,3,10,4365.0
759,2020-06-29,Scotland,0,5,4210.0
760,2020-06-28,Scotland,0,8,3530.0
761,2020-06-27,Scotland,0,15,3738.0
762,2020-06-26,Scotland,0,17,4457.0
763,2020-06-25,Scotland,2,5,5386.0
764,2020-06-24,Scotland,4,9,4253.0
765,2020-06-23,Scotland,4,12,4863.0
766,2020-06-22,Scotland,0,14,4175.0
767,2020-06-21,Scotland,0,26,3416.0
768,2020-06-20,Scotland,2,26,3813.0
769,2020-06-19,Scotland,6,27,4558.0
770,2020-06-18,Scotland,2,11,4653.0
771,2020-06-17,Scotland,9,21,5253.0
772,2020-06-16,Scotland,5,15,5033.0
773,2020-06-15,Scotland,0,29,4735.0
774,2020-06-14,Scotland,1,25,3976.0
775,2020-06-13,Scotland,5,21,4417.0
776,2020-06-12,Scotland,3,27,5736.0
777,2020-06-11,Scotland,5,17,5377.0
778,2020-06-10,Scotland,12,12,5673.0
779,2020-06-09,Scotland,7,14,4747.0
780,2020-06-08,Scotland,0,18,4562.0
781,2020-06-07,Scotland,0,18,3425.0
782,2020-06-06,Scotland,6,21,3944.0
783,2020-06-05,Scotland,14,29,4974.0
784,2020-06-04,Scotland,9,49,5526.0
785,2020-06-03,Scotland,11,33,5202.0
786,2020-06-02,Scotland,12,53,4791.0
787,2020-06-01,Scotland,1,18,4406.0
788,2020-05-31,Scotland,9,18,2729.0
789,2020-05-30,Scotland,22,55,3229.0
790,2020-05-29,Scotland,15,39,4325.0
791,2020-05-28,Scotland,12,48,5472.0
792,2020-05-27,Scotland,13,55,5000.0
793,2020-05-26,Scotland,18,29,5178.0
794,2020-05-25,Scotland,3,55,4425.0
795,2020-05-24,Scotland,9,60,4742.0
796,2020-05-23,Scotland,16,72,4111.0
797,2020-05-22,Scotland,24,113,5406.0
798,2020-05-21,Scotland,37,105,5742.0
799,2020-05-20,Scotland,50,96,6518.0
800,2020-05-19,Scotland,29,61,6352.0
801,2020-05-18,Scotland,2,57,4559.0
802,2020-05-17,Scotland,9,90,3475.0
803,2020-05-16,Scotland,41,187,4721.0
804,2020-05-15,Scotland,46,143,6519.0
805,2020-05-14,Scotland,34,188,5213.0
806,2020-05-13,Scotland,61,166,5829.0
807,2020-05-12,Scotland,50,136,5108.0
808,2020-05-11,Scotland,5,141,4083.0
809,2020-05-10,Scotland,10,181,3584.0
810,2020-05-09,Scotland,36,156,3792.0
811,2020-05-08,Scotland,49,225,4397.0
812,2020-05-07,Scotland,59,215,4732.0
813,2020-05-06,Scotland,83,272,5079.0
814,2020-05-05,Scotland,44,171,4683.0
815,2020-05-04,Scotland,5,169,3923.0
816,2020-05-03,Scotland,12,170,3794.0
817,2020-05-02,Scotland,44,273,3720.0
818,2020-05-01,Scotland,40,301,5313.0
819,2020-04-30,Scotland,60,319,4661.0
820,2020-04-29,Scotland,83,313,4422.0
821,2020-04-28,Scotland,70,200,3471.0
822,2020-04-27,Scotland,13,197,2627.0
823,2020-04-26,Scotland,18,273,2608.0
824,2020-04-25,Scotland,47,354,2098.0
825,2020-04-24,Scotland,64,288,2222.0
826,2020-04-23,Scotland,58,371,1772.0
827,2020-04-22,Scotland,77,366,2184.0
828,2020-04-21,Scotland,70,222,2224.0
829,2020-04-20,Scotland,12,263,1401.0
830,2020-04-19,Scotland,10,367,1332.0
831,2020-04-18,Scotland,56,411,1709.0
832,2020-04-17,Scotland,58,307,2015.0
833,2020-04-16,Scotland,80,354,1682.0
834,2020-04-15,Scotland,84,390,1836.0
835,2020-04-14,Scotland,40,291,1734.0
836,2020-04-13,Scotland,9,155,1429.0
837,2020-04-12,Scotland,24,322,957.0
838,2020-04-11,Scotland,47,315,1617.0
839,2020-04-10,Scotland,48,318,1787.0
840,2020-04-09,Scotland,81,392,1567.0
841,2020-04-08,Scotland,70,336,1774.0
842,2020-04-07,Scotland,74,268,1709.0
843,2020-04-06,Scotland,2,255,1221.0
844,2020-04-05,Scotland,2,361,1048.0
845,2020-04-04,Scotland,46,344,3018.0
846,2020-04-03,Scotland,46,399,1522.0
847,2020-04-02,Scotland,29,292,1526.0
848,2020-04-01,Scotland,28,317,1118.0
849,2020-03-31,Scotland,22,430,1710.0
850,2020-03-30,Scotland,6,179,
851,2020-03-29,Scotland,1,139,
852,2020-03-28,Scotland,7,186,
853,2020-03-27,Scotland,8,165,
854,2020-03-26,Scotland,3,175,
855,2020-03-25,Scotland,6,135,
856,2020-03-24,Scotland,2,85,
857,2020-03-23,Scotland,4,83,
858,2020-03-22,Scotland,3,43,
859,2020-03-21,Scotland,1,51,
860,2020-03-20,Scotland,0,56,
861,2020-03-19,Scotland,3,39,
862,2020-03-18,Scotland,1,32,
863,2020-03-17,Scotland,1,24,
864,2020-03-16,Scotland,0,18,
865,2020-03-15,Scotland,0,32,
866,2020-03-14,Scotland,0,36,
867,2020-03-13,Scotland,0,25,
868,2020-03-12,Scotland,0,24,
869,2020-03-11,Scotland,0,9,
870,2020-03-10,Scotland,0,4,
871,2020-03-09,Scotland,0,5,
872,2020-03-08,Scotland,0,2,
873,2020-03-07,Scotland,0,5,
874,2020-03-06,Scotland,0,5,
875,2020-03-05,Scotland,0,3,
876,2020-03-04,Scotland,0,2,
877,2020-03-03,Scotland,0,0,
878,2020-03-02,Scotland,0,1,
879,2020-03-01,Scotland,0,0,
880,2020-02-29,Scotland,0,0,
881,2020-02-28,Scotland,0,0,
882,2020-02-27,Scotland,0,0,
883,2020-02-26,Scotland,0,0,
884,2020-02-25,Scotland,0,0,
885,2020-02-24,Scotland,0,0,
886,2020-02-23,Scotland,0,0,
887,2020-02-22,Scotland,0,0,
888,2020-02-21,Scotland,0,0,
889,2020-02-20,Scotland,0,0,
890,2020-02-19,Scotland,0,0,
891,2020-02-18,Scotland,0,0,
892,2020-02-17,Scotland,0,0,
893,2020-02-16,Scotland,0,0,
894,2020-02-15,Scotland,0,0,
895,2020-02-14,Scotland,0,0,
896,2020-02-13,Scotland,0,0,
897,2020-02-12,Scotland,0,0,
898,2020-02-11,Scotland,0,0,
899,2020-02-10,Scotland,0,0,
900,2020-02-09,Scotland,0,0,
901,2020-02-08,Scotland,0,0,
902,2020-02-07,Scotland,0,0,
903,2020-02-06,Scotland,0,0,
904,2020-02-05,Scotland,0,0,
905,2020-02-04,Scotland,0,0,
906,2020-02-03,Scotland,0,0,
907,2020-02-02,Scotland,0,0,
908,2020-02-01,Scotland,0,0,
909,2020-01-31,Scotland,0,0,
910,2020-01-30,Scotland,0,0,
911,2020-01-29,Scotland,0,0,
912,2020-01-28,Scotland,0,0,
913,2020-01-27,Scotland,0,0,
914,2020-01-26,Scotland,0,0,
915,2020-01-25,Scotland,0,0,
916,2020-01-24,Scotland,0,0,
917,2020-01-23,Scotland,0,0,
918,2020-01-22,Scotland,0,0,
919,2020-01-21,Scotland,0,0,
920,2020-01-20,Scotland,0,0,
921,2020-01-19,Scotland,0,0,
922,2020-01-18,Scotland,0,0,
923,2020-01-17,Scotland,0,0,
924,2020-01-16,Scotland,0,0,
925,2020-01-15,Scotland,0,0,
926,2020-01-14,Scotland,0,0,
927,2020-01-13,Scotland,0,0,
928,2020-01-12,Scotland,0,0,
929,2020-01-11,Scotland,0,0,
930,2020-01-10,Scotland,0,0,
931,2020-01-09,Scotland,0,0,
932,2020-01-08,Scotland,0,0,
933,2020-01-07,Scotland,0,0,
934,2020-01-06,Scotland,0,0,
935,2020-01-05,Scotland,0,0,
936,2020-01-04,Scotland,0,0,
937,2020-01-03,Scotland,0,0,
938,2020-01-02,Scotland,0,0,
939,2020-11-09,Wales,8,931,
940,2020-11-08,Wales,19,744,11894.0
941,2020-11-07,Wales,32,958,12106.0
942,2020-11-06,Wales,13,1352,11252.0
943,2020-11-05,Wales,30,1272,13241.0
944,2020-11-04,Wales,44,1202,10962.0
945,2020-11-03,Wales,4,1119,8012.0
946,2020-11-02,Wales,3,1646,10212.0
947,2020-11-01,Wales,16,819,13842.0
948,2020-10-31,Wales,13,1301,7280.0
949,2020-10-30,Wales,11,1737,11899.0
950,2020-10-29,Wales,21,1375,12665.0
951,2020-10-28,Wales,37,1414,10670.0
952,2020-10-27,Wales,7,1207,8854.0
953,2020-10-26,Wales,6,1158,9798.0
954,2020-10-25,Wales,5,1104,14686.0
955,2020-10-24,Wales,16,1324,11217.0
956,2020-10-23,Wales,13,761,14518.0
957,2020-10-22,Wales,7,1134,10719.0
958,2020-10-21,Wales,14,962,10492.0
959,2020-10-20,Wales,10,1148,9464.0
960,2020-10-19,Wales,1,626,12455.0
961,2020-10-18,Wales,3,950,10914.0
962,2020-10-17,Wales,5,674,12431.0
963,2020-10-16,Wales,5,979,8849.0
964,2020-10-15,Wales,10,727,9823.0
965,2020-10-14,Wales,10,946,8808.0
966,2020-10-13,Wales,5,764,9726.0
967,2020-10-12,Wales,4,487,11645.0
968,2020-10-11,Wales,2,467,10971.0
969,2020-10-10,Wales,21,627,9347.0
970,2020-10-09,Wales,2,766,9857.0
971,2020-10-08,Wales,1,638,12539.0
972,2020-10-07,Wales,3,752,9966.0
973,2020-10-06,Wales,10,425,10518.0
974,2020-10-05,Wales,0,596,10204.0
975,2020-10-04,Wales,0,432,10665.0
976,2020-10-03,Wales,5,576,8966.0
977,2020-10-02,Wales,3,462,10988.0
978,2020-10-01,Wales,6,398,9524.0
979,2020-09-30,Wales,1,388,9137.0
980,2020-09-29,Wales,3,366,7819.0
981,2020-09-28,Wales,0,286,9806.0
982,2020-09-27,Wales,0,362,10886.0
983,2020-09-26,Wales,3,370,11737.0
984,2020-09-25,Wales,3,320,11258.0
985,2020-09-24,Wales,1,348,10854.0
986,2020-09-23,Wales,2,389,11030.0
987,2020-09-22,Wales,0,281,9610.0
988,2020-09-21,Wales,0,234,9780.0
989,2020-09-20,Wales,0,199,9850.0
990,2020-09-19,Wales,2,212,8784.0
991,2020-09-18,Wales,1,185,9751.0
992,2020-09-17,Wales,3,168,10784.0
993,2020-09-16,Wales,0,199,9797.0
994,2020-09-15,Wales,0,110,9831.0
995,2020-09-14,Wales,0,183,7902.0
996,2020-09-13,Wales,0,162,9967.0
997,2020-09-12,Wales,0,164,11224.0
998,2020-09-11,Wales,0,133,10337.0
999,2020-09-10,Wales,0,102,8751.0
1000,2020-09-09,Wales,0,165,7799.0
1001,2020-09-08,Wales,0,150,9607.0
1002,2020-09-07,Wales,0,133,7171.0
1003,2020-09-06,Wales,0,98,5881.0
1004,2020-09-05,Wales,1,77,6514.0
1005,2020-09-04,Wales,0,51,6549.0
1006,2020-09-03,Wales,0,50,6831.0
1007,2020-09-02,Wales,0,42,5938.0
1008,2020-09-01,Wales,1,51,6776.0
1009,2020-08-31,Wales,0,39,4733.0
1010,2020-08-30,Wales,0,56,4423.0
1011,2020-08-29,Wales,0,40,6521.0
1012,2020-08-28,Wales,0,34,5039.0
1013,2020-08-27,Wales,1,35,4704.0
1014,2020-08-26,Wales,1,34,5194.0
1015,2020-08-25,Wales,0,28,4910.0
1016,2020-08-24,Wales,1,19,5806.0
1017,2020-08-23,Wales,2,20,4921.0
1018,2020-08-22,Wales,1,34,5023.0
1019,2020-08-21,Wales,0,34,5021.0
1020,2020-08-20,Wales,0,19,4443.0
1021,2020-08-19,Wales,0,21,3962.0
1022,2020-08-18,Wales,0,24,5979.0
1023,2020-08-17,Wales,0,14,5460.0
1024,2020-08-16,Wales,2,18,7035.0
1025,2020-08-15,Wales,1,27,6762.0
1026,2020-08-14,Wales,0,18,5733.0
1027,2020-08-13,Wales,0,15,5455.0
1028,2020-08-12,Wales,5,8,4272.0
1029,2020-08-11,Wales,2,13,6146.0
1030,2020-08-10,Wales,0,12,7773.0
1031,2020-08-09,Wales,0,26,6809.0
1032,2020-08-08,Wales,1,19,6586.0
1033,2020-08-07,Wales,7,17,5516.0
1034,2020-08-06,Wales,3,15,5019.0
1035,2020-08-05,Wales,2,14,4021.0
1036,2020-08-04,Wales,1,22,4553.0
1037,2020-08-03,Wales,0,24,4661.0
1038,2020-08-02,Wales,3,37,7214.0
1039,2020-08-01,Wales,2,21,6817.0
1040,2020-07-31,Wales,6,26,8246.0
1041,2020-07-30,Wales,0,9,5491.0
1042,2020-07-29,Wales,5,32,4822.0
1043,2020-07-28,Wales,0,21,3640.0
1044,2020-07-27,Wales,0,45,5009.0
1045,2020-07-26,Wales,1,22,7546.0
1046,2020-07-25,Wales,0,30,6869.0
1047,2020-07-24,Wales,0,45,5865.0
1048,2020-07-23,Wales,0,43,6097.0
1049,2020-07-22,Wales,1,22,4213.0
1050,2020-07-21,Wales,0,22,2444.0
1051,2020-07-20,Wales,0,15,5313.0
1052,2020-07-19,Wales,1,31,6875.0
1053,2020-07-18,Wales,0,10,
1054,2020-07-17,Wales,1,16,2910.0
1055,2020-07-16,Wales,0,18,3409.0
1056,2020-07-15,Wales,2,18,4319.0
1057,2020-07-14,Wales,2,21,3966.0
1058,2020-07-13,Wales,0,11,4379.0
1059,2020-07-12,Wales,0,16,
1060,2020-07-11,Wales,1,7,
1061,2020-07-10,Wales,0,10,
1062,2020-07-09,Wales,2,16,
1063,2020-07-08,Wales,4,13,
1064,2020-07-07,Wales,3,2,
1065,2020-07-06,Wales,0,8,
1066,2020-07-05,Wales,1,15,
1067,2020-07-04,Wales,5,34,
1068,2020-07-03,Wales,2,26,
1069,2020-07-02,Wales,8,41,
1070,2020-07-01,Wales,6,32,
1071,2020-06-30,Wales,3,26,
1072,2020-06-29,Wales,3,116,
1073,2020-06-28,Wales,2,25,
1074,2020-06-27,Wales,5,46,
1075,2020-06-26,Wales,2,65,
1076,2020-06-25,Wales,6,125,
1077,2020-06-24,Wales,8,47,
1078,2020-06-23,Wales,5,51,
1079,2020-06-22,Wales,1,71,
1080,2020-06-21,Wales,1,100,
1081,2020-06-20,Wales,1,25,
1082,2020-06-19,Wales,4,31,
1083,2020-06-18,Wales,5,48,
1084,2020-06-17,Wales,10,53,
1085,2020-06-16,Wales,8,65,
1086,2020-06-15,Wales,4,62,
1087,2020-06-14,Wales,3,39,
1088,2020-06-13,Wales,6,45,
1089,2020-06-12,Wales,10,77,
1090,2020-06-11,Wales,6,63,
1091,2020-06-10,Wales,9,38,
1092,2020-06-09,Wales,9,42,
1093,2020-06-08,Wales,3,42,
1094,2020-06-07,Wales,5,40,
1095,2020-06-06,Wales,10,42,
1096,2020-06-05,Wales,4,76,
1097,2020-06-04,Wales,8,35,
1098,2020-06-03,Wales,17,82,
1099,2020-06-02,Wales,7,67,
1100,2020-06-01,Wales,5,59,
1101,2020-05-31,Wales,11,82,
1102,2020-05-30,Wales,14,86,
1103,2020-05-29,Wales,10,102,
1104,2020-05-28,Wales,14,72,
1105,2020-05-27,Wales,11,97,
1106,2020-05-26,Wales,8,141,
1107,2020-05-25,Wales,7,106,
1108,2020-05-24,Wales,7,140,
1109,2020-05-23,Wales,6,185,
1110,2020-05-22,Wales,7,138,
1111,2020-05-21,Wales,9,166,
1112,2020-05-20,Wales,14,110,
1113,2020-05-19,Wales,17,166,
1114,2020-05-18,Wales,4,101,
1115,2020-05-17,Wales,12,162,
1116,2020-05-16,Wales,18,183,
1117,2020-05-15,Wales,9,126,
1118,2020-05-14,Wales,10,128,
1119,2020-05-13,Wales,22,133,
1120,2020-05-12,Wales,16,105,
1121,2020-05-11,Wales,5,124,
1122,2020-05-10,Wales,12,223,
1123,2020-05-09,Wales,9,118,
1124,2020-05-08,Wales,28,152,
1125,2020-05-07,Wales,18,87,
1126,2020-05-06,Wales,21,95,
1127,2020-05-05,Wales,26,145,
1128,2020-05-04,Wales,14,195,
1129,2020-05-03,Wales,14,174,
1130,2020-05-02,Wales,44,183,
1131,2020-05-01,Wales,17,160,
1132,2020-04-30,Wales,22,183,
1133,2020-04-29,Wales,73,117,
1134,2020-04-28,Wales,17,232,
1135,2020-04-27,Wales,8,203,
1136,2020-04-26,Wales,14,178,
1137,2020-04-25,Wales,23,299,
1138,2020-04-24,Wales,110,243,
1139,2020-04-23,Wales,17,234,
1140,2020-04-22,Wales,15,274,
1141,2020-04-21,Wales,25,304,
1142,2020-04-20,Wales,9,276,
1143,2020-04-19,Wales,41,334,
1144,2020-04-18,Wales,28,292,
1145,2020-04-17,Wales,11,244,
1146,2020-04-16,Wales,32,284,
1147,2020-04-15,Wales,60,272,
1148,2020-04-14,Wales,19,238,
1149,2020-04-13,Wales,15,313,
1150,2020-04-12,Wales,18,367,
1151,2020-04-11,Wales,36,340,
1152,2020-04-10,Wales,29,502,
1153,2020-04-09,Wales,41,16,
1154,2020-04-08,Wales,33,283,
1155,2020-04-07,Wales,19,291,
1156,2020-04-06,Wales,27,302,
1157,2020-04-05,Wales,12,344,
1158,2020-04-04,Wales,13,387,
1159,2020-04-03,Wales,24,345,
1160,2020-04-02,Wales,19,284,
1161,2020-04-01,Wales,29,274,
1162,2020-03-31,Wales,7,112,
1163,2020-03-30,Wales,14,210,
1164,2020-03-29,Wales,10,148,
1165,2020-03-28,Wales,4,172,
1166,2020-03-27,Wales,6,180,
1167,2020-03-26,Wales,6,113,
1168,2020-03-25,Wales,5,150,
1169,2020-03-24,Wales,1,60,
1170,2020-03-23,Wales,4,71,
1171,2020-03-22,Wales,9,67,
1172,2020-03-21,Wales,2,89,
1173,2020-03-20,Wales,0,21,
1174,2020-03-19,Wales,0,21,
1175,2020-03-18,Wales,0,13,
1176,2020-03-17,Wales,0,12,
1177,2020-03-16,Wales,0,30,
1178,2020-03-15,Wales,0,34,
1179,2020-03-14,Wales,0,22,
1180,2020-03-13,Wales,0,13,
1181,2020-03-12,Wales,0,10,
1182,2020-03-11,Wales,0,9,
1183,2020-03-10,Wales,0,2,
1184,2020-03-09,Wales,0,2,
1185,2020-03-08,Wales,0,0,
1186,2020-03-07,Wales,0,0,
1187,2020-03-06,Wales,0,0,
1188,2020-03-05,Wales,0,1,
1189,2020-03-04,Wales,0,0,
1190,2020-03-03,Wales,0,0,
1191,2020-03-02,Wales,0,0,
1192,2020-03-01,Wales,0,0,
1193,2020-02-29,Wales,0,0,
1194,2020-02-28,Wales,0,1,
1195,2020-02-27,Wales,0,0,
1196,2020-02-26,Wales,0,0,
1197,2020-02-25,Wales,0,0,
1198,2020-02-24,Wales,0,0,
1199,2020-02-23,Wales,0,0,
1200,2020-02-22,Wales,0,0,
1201,2020-02-21,Wales,0,0,
1202,2020-02-20,Wales,0,0,
1203,2020-02-19,Wales,0,0,
1204,2020-02-18,Wales,0,0,
1205,2020-02-17,Wales,0,0,
1206,2020-02-16,Wales,0,0,
1207,2020-02-15,Wales,0,0,
1208,2020-02-14,Wales,0,0,
1209,2020-02-13,Wales,0,0,
1210,2020-02-12,Wales,0,0,
1211,2020-02-11,Wales,0,0,
1212,2020-02-10,Wales,0,0,
1213,2020-02-09,Wales,0,0,
1214,2020-02-08,Wales,0,0,
1215,2020-02-07,Wales,0,0,
1216,2020-02-06,Wales,0,0,
1217,2020-02-05,Wales,0,0,
1218,2020-02-04,Wales,0,0,
1219,2020-02-03,Wales,0,0,
1220,2020-02-02,Wales,0,0,
1221,2020-02-01,Wales,0,0,
1222,2020-01-31,Wales,0,0,
1223,2020-01-30,Wales,0,0,
1224,2020-01-29,Wales,0,0,
1225,2020-01-28,Wales,0,0,
1226,2020-01-27,Wales,0,0,
1227,2020-01-26,Wales,0,0,
1228,2020-01-25,Wales,0,0,
1229,2020-01-24,Wales,0,0,
1230,2020-01-23,Wales,0,0,
1231,2020-01-22,Wales,0,0,
1232,2020-01-21,Wales,0,0,
1233,2020-01-20,Wales,0,0,
1234,2020-01-19,Wales,0,0,
1235,2020-01-18,Wales,0,0,
1236,2020-01-17,Wales,0,0,
1237,2020-01-16,Wales,0,0,
1238,2020-01-15,Wales,0,0,
1239,2020-01-14,Wales,0,0,
1240,2020-01-13,Wales,0,0,
1241,2020-01-12,Wales,0,0,
1242,2020-01-11,Wales,0,0,
1243,2020-01-10,Wales,0,0,
1244,2020-01-09,Wales,0,0,
1245,2020-01-08,Wales,0,0,
1246,2020-01-07,Wales,0,0,
1247,2020-01-06,Wales,0,0,
1248,2020-01-05,Wales,0,0,
1249,2020-01-04,Wales,0,0,
1250,2020-01-03,Wales,0,0,
1251,2020-01-02,Wales,0,0,
